City_ID,City,Lat,Lng,Max Temp,Humidity,Cloudiness,Wind Speed,Country,Date
0,tiksi,71.6872,128.8694,-33.14,100,79,0.75,RU,1707093133
1,paulden,34.8856,-112.4682,11.15,47,0,2.68,US,1707093304
2,chimore,-16.9833,-65.1333,25.33,77,15,1.94,BO,1707093304
3,brisas barra de suchiate,14.55,-92.2167,28.1,72,1,5.77,MX,1707093305
4,waitangi,-43.9535,-176.5597,16.47,79,100,5.74,NZ,1707093305
5,borkum,53.5809,6.6915,11.07,87,100,15.55,DE,1707093306
6,duyun,26.2667,107.5167,1.49,95,100,1.82,CN,1707093307
7,port-aux-francais,-49.35,70.2167,5.28,73,22,9.26,TF,1707093308
8,edinburgh of the seven seas,-37.0676,-12.3116,15.76,73,60,5.82,SH,1707093308
9,tura,25.5198,90.2201,15.66,38,100,0.81,IN,1707093309
10,thulamahashi,-24.7246,31.1994,23.28,97,70,1.49,ZA,1707093310
11,talnakh,69.4865,88.3972,-17.11,97,100,3.38,RU,1707092716
12,iqaluit,63.7506,-68.5145,-22.15,77,100,2.06,CA,1707093311
13,saldanha,-33.0117,17.9442,21.03,87,100,3.36,ZA,1707093312
14,susuman,62.7833,148.1667,-25.57,89,100,1.34,RU,1707093312
15,revda,56.801,59.9303,-10.76,95,100,4.0,RU,1707093313
16,grytviken,-54.2811,-36.5092,2.39,74,5,5.15,GS,1707093314
17,constantia,44.1833,28.65,4.38,80,100,6.99,RO,1707093121
18,georgetown,5.4112,100.3354,26.96,91,20,1.54,MY,1707092724
19,ghat,24.9647,10.1728,8.93,40,0,0.99,LY,1707093317
20,kimbe,-5.5502,150.1429,29.76,74,100,2.19,PG,1707093318
21,igrim,63.1906,64.4162,-26.83,100,82,1.94,RU,1707093319
22,hawaiian paradise park,19.5933,-154.9731,24.46,63,100,3.6,US,1707093319
23,sake,-1.5736,29.045,16.23,89,80,0.18,CD,1707093320
24,port elizabeth,-33.918,25.5701,22.4,86,0,2.06,ZA,1707093321
25,stanley,54.868,-1.6985,10.29,76,75,11.32,GB,1707093283
26,sungai penuh,-2.0833,101.3833,20.56,85,100,0.77,ID,1707093322
27,argo,37.6333,22.7333,10.62,59,0,1.77,GR,1707093323
28,lihue,21.9789,-159.3672,25.58,59,20,9.77,US,1707093260
29,adamstown,-25.066,-130.1015,25.2,76,100,3.8,PN,1707093324
30,west island,-12.1568,96.8225,24.99,94,100,4.63,CC,1707093325
31,margaret river,-33.95,115.0667,17.81,61,25,3.18,AU,1707093155
32,bredasdorp,-34.5322,20.0403,21.37,88,10,1.34,ZA,1707093326
33,yellowknife,62.456,-114.3525,-25.71,76,20,3.09,CA,1707093237
34,vilyuchinsk,52.9306,158.4028,-7.85,66,100,2.5,RU,1707093327
35,akarsu,37.2355,41.0607,1.77,97,100,0.7,TR,1707093328
36,vorgashor,67.5833,63.95,-17.61,95,100,0.96,RU,1707093328
37,kirakira,-10.4544,161.9205,28.99,80,99,6.99,SB,1707093329
38,iskateley,67.6803,53.1512,-22.77,93,86,1.79,RU,1707093330
39,kavieng,-2.5744,150.7967,29.62,71,100,1.37,PG,1707093330
40,grand falls-windsor,48.9332,-55.6649,0.28,94,100,4.02,CA,1707092783
41,albany,42.6001,-73.9662,-0.18,70,4,0.45,US,1707093159
42,pacific grove,36.6177,-121.9166,15.97,77,100,8.94,US,1707093332
43,badger,64.8,-147.5333,-17.94,74,20,0.0,US,1707093333
44,quellon,-43.1167,-73.6167,16.24,71,0,3.27,CL,1707092761
45,ilulissat,69.2167,-51.1,-20.99,49,2,3.09,GL,1707093334
46,saynshand,44.8824,110.1163,-14.92,95,98,2.74,MN,1707093335
47,jieshi,22.8134,115.8257,18.6,76,34,4.06,CN,1707093336
48,sabha,27.0377,14.4283,9.74,55,4,4.2,LY,1707093336
49,lebu,-37.6167,-73.65,14.36,85,0,3.58,CL,1707093160
50,poplar bluff,36.757,-90.3929,9.94,77,100,2.06,US,1707093175
51,berdigestyakh,62.0989,126.6992,-33.98,100,98,1.12,RU,1707093338
52,ancud,-41.8697,-73.8203,15.62,86,2,4.27,CL,1707092743
53,fada,9.5667,8.3,21.43,19,72,4.24,NG,1707092793
54,tazovsky,67.4667,78.7,-14.91,96,100,3.36,RU,1707092846
55,alappuzha,9.49,76.3264,24.49,89,96,2.72,IN,1707093341
56,aasiaat,68.7098,-52.8699,-31.68,89,17,2.22,GL,1707093342
57,anadyr,64.75,177.4833,-18.72,77,0,6.71,RU,1707093342
58,longyearbyen,78.2186,15.6401,-1.09,74,75,8.75,SJ,1707093343
59,la'ie,21.6477,-157.9253,26.98,59,64,4.92,US,1707092817
60,blackmans bay,-43.0167,147.3167,20.07,58,2,0.89,AU,1707093344
61,la serena,-29.9078,-71.2542,20.73,73,0,3.6,CL,1707093345
62,gereida,11.2811,25.1414,19.96,17,5,7.41,SD,1707093346
63,bobrovytsya,50.75,31.3833,3.33,88,100,9.35,UA,1707093346
64,elliot lake,46.3834,-82.6331,-2.83,96,20,1.6,CA,1707093347
65,bethel,41.3712,-73.414,3.3,57,0,1.54,US,1707093347
66,dolores,-36.3132,-57.6792,16.19,71,0,4.76,AR,1707093348
67,taksimo,56.3444,114.8794,-24.28,94,98,0.13,RU,1707093197
68,ribeira grande,38.5167,-28.7,17.65,94,100,8.49,PT,1707093162
69,punta arenas,-53.15,-70.9167,22.06,40,75,7.2,CL,1707093350
70,udachny,66.4167,112.4,-31.98,98,85,2.08,RU,1707093134
71,rimavska sobota,48.3828,20.0224,9.38,80,100,7.17,SK,1707093352
72,lautoka,-17.6167,177.4667,31.92,58,40,2.57,FJ,1707093323
73,shimoda,34.6667,138.95,8.2,89,100,7.1,JP,1707093353
74,thunder bay,48.4001,-89.3168,0.99,86,100,2.06,CA,1707093333
75,morehead city,34.7229,-76.726,8.0,76,0,4.02,US,1707092668
76,skeldon,5.8833,-57.1333,25.9,88,100,3.52,GY,1707093355
77,souillac,-20.5167,57.5167,21.21,88,40,1.54,MU,1707093355
78,aldama,22.9167,-98.0667,24.72,54,0,3.31,MX,1707093356
79,flying fish cove,-10.4217,105.6791,26.82,89,100,2.57,CX,1707093357
80,durban,-29.8579,31.0292,23.51,90,100,3.72,ZA,1707093357
81,colby,39.3958,-101.0524,5.18,93,100,7.2,US,1707092903
82,qaqortoq,60.7167,-46.0333,-21.79,67,1,2.47,GL,1707092623
83,klyuchi,52.2667,79.1667,-7.88,92,100,4.23,RU,1707092768
84,hermanus,-34.4187,19.2345,19.89,88,20,1.49,ZA,1707093360
85,ushuaia,-54.8,-68.3,19.81,56,75,6.69,AR,1707093085
86,medvezh'yegorsk,62.9167,34.4667,-10.94,96,100,2.87,RU,1707093361
87,sorong,-0.8833,131.25,27.46,80,100,3.01,ID,1707093362
88,hamilton,39.1834,-84.5333,9.47,60,0,5.66,US,1707092736
89,taiynsha,53.8478,69.7639,-4.39,86,100,6.18,KZ,1707093364
90,bilibino,68.0546,166.4372,-30.02,84,9,1.87,RU,1707093365
91,mao,39.8885,4.2658,12.31,100,10,3.09,ES,1707093365
92,"laikit, laikit ii (dimembe)",1.4792,124.9735,27.47,74,20,1.03,ID,1707093367
93,tofol,5.3248,163.0078,29.88,74,75,8.75,FM,1707093367
94,champerico,14.3,-91.9167,26.85,72,0,5.88,GT,1707093368
95,ulanhot,46.0833,122.0833,-14.01,69,100,0.58,CN,1707093369
96,polyarnyy,69.1989,33.4478,-12.37,88,17,5.75,RU,1707093370
97,mora,11.0461,14.1401,19.94,25,80,2.4,CM,1707092830
98,bure,10.7,37.0667,16.5,65,89,0.59,ET,1707093371
99,queenstown,-31.8976,26.8753,16.14,88,65,1.73,ZA,1707092878
100,dunedin,-45.8742,170.5036,26.15,72,51,2.68,NZ,1707092876
101,lensk,60.7253,114.9278,-21.49,94,100,1.23,RU,1707092814
102,arroyo,41.6096,-4.7969,9.01,56,0,0.0,ES,1707093373
103,avarua,-21.2078,-159.775,29.03,74,75,2.57,CK,1707093374
104,fukuecho,32.6881,128.8419,13.2,100,75,4.63,JP,1707093375
105,saint-pierre,-21.3393,55.4781,21.82,68,0,3.09,RE,1707093375
106,szentlorinc,46.0402,17.9872,10.49,88,60,2.7,HU,1707093377
107,lazaro cardenas,17.9583,-102.2,24.15,67,0,3.75,MX,1707093378
108,carnarvon,-24.8667,113.6333,25.6,42,4,9.93,AU,1707093378
109,lillehammer,61.1146,10.4674,-8.03,86,61,2.74,NO,1707093379
110,arpajon-sur-cere,44.9026,2.4581,5.51,66,85,1.33,FR,1707093380
111,port alfred,-33.5906,26.891,21.96,81,0,1.98,ZA,1707093380
112,vacaria,-28.5122,-50.9339,17.47,96,100,1.63,BR,1707093381
113,copala,16.65,-98.9833,24.63,64,0,4.4,MX,1707093382
114,kem',64.9555,34.5793,-9.49,94,100,5.31,RU,1707093383
115,crespo,-32.0287,-60.3066,28.17,41,100,4.12,AR,1707093383
116,puerto natales,-51.7236,-72.4875,15.31,72,94,2.62,CL,1707093152
117,hobyo,5.3505,48.5268,25.68,74,63,6.91,SO,1707093385
118,papatowai,-46.5619,169.4708,23.61,55,72,2.71,NZ,1707093163
119,st. john's,47.5649,-52.7093,1.49,97,100,10.8,CA,1707093386
120,belmonte,-15.8631,-38.8828,25.13,88,45,2.35,BR,1707092801
121,nelson bay,-32.7167,152.15,36.03,69,100,7.14,AU,1707093220
122,whitehorse,60.7161,-135.0538,-23.57,64,75,1.54,CA,1707093388
123,bom jesus,-9.0744,-44.3586,24.25,66,10,1.19,BR,1707093389
124,invercargill,-46.4,168.35,22.23,76,91,4.02,NZ,1707093389
125,mersa matruh,31.3525,27.2453,13.39,70,2,5.89,EG,1707092876
126,arroyito,-31.4202,-63.05,26.37,50,1,2.7,AR,1707093392
127,keetmanshoop,-26.5833,18.1333,25.51,41,89,2.06,NA,1707093393
128,yershov,51.3513,48.2766,-0.98,92,100,5.49,RU,1707093393
129,saint-francois,46.4154,3.9054,3.71,94,100,2.06,FR,1707093394
130,midvagur,62.0511,-7.1939,-0.54,69,40,2.06,FO,1707092871
131,enewetak,11.3474,162.3373,26.46,72,94,9.27,MH,1707093395
132,piti village,13.4626,144.6933,28.5,70,75,9.77,GU,1707093397
133,la passe,45.5549,-0.8967,7.21,91,96,2.2,FR,1707092807
134,minas de marcona,-15.2119,-75.1103,19.67,81,53,3.63,PE,1707093398
135,tralee,52.2704,-9.7026,9.82,88,96,4.96,IE,1707092868
136,acapulco de juarez,16.8634,-99.8901,26.9,65,0,8.75,MX,1707093284
137,jamestown,42.097,-79.2353,0.57,82,0,3.6,US,1707093400
138,kyabe,9.4515,18.9449,25.71,19,1,2.46,TD,1707092814
139,alaghsas,17.0187,8.0168,17.05,16,4,10.18,NE,1707093401
140,reedsburg,43.5325,-90.0026,3.38,64,0,0.0,US,1707093401
141,juneau,58.3019,-134.4197,2.28,100,100,1.61,US,1707093402
142,orchard homes,46.8633,-114.0484,2.08,81,100,5.66,US,1707093403
143,kavaratti,10.5669,72.642,27.59,72,78,5.69,IN,1707093403
144,kodiak,57.79,-152.4072,2.73,75,0,3.09,US,1707093167
145,cabo san lucas,22.8909,-109.9124,23.61,63,0,3.6,MX,1707093109
146,stettler,52.3168,-112.7186,-9.14,100,100,1.03,CA,1707093406
147,crane,31.3974,-102.3501,14.38,20,0,6.11,US,1707093406
148,puerto lempira,15.2667,-83.7667,25.88,81,0,3.3,HN,1707093407
149,ruteng,-8.6136,120.4721,18.55,89,100,0.51,ID,1707093408
150,mhamid,29.82,-5.72,10.71,44,100,3.31,MA,1707093408
151,kupang,-10.1667,123.5833,28.32,94,40,1.54,ID,1707093409
152,el kala,36.8956,8.4433,7.23,76,0,2.32,DZ,1707093410
153,east london,-33.0153,27.9116,22.57,75,0,2.37,ZA,1707093411
154,hithadhoo,-0.6,73.0833,28.1,77,100,5.73,MV,1707093412
155,udaipura,23.0833,78.5,18.46,51,6,0.81,IN,1707093412
156,san juan,-31.5375,-68.5364,29.44,36,97,1.31,AR,1707093413
157,sumbawanga,-7.9667,31.6167,14.69,92,100,0.19,TZ,1707093414
158,gweru,-19.45,29.8167,16.76,69,21,2.07,ZW,1707093414
159,kone,-21.0595,164.8658,30.32,71,99,3.75,NC,1707093415
160,napanee,44.2501,-76.9494,0.06,84,100,3.32,CA,1707093415
161,puerto ayora,-0.7393,-90.3518,26.42,88,63,2.24,EC,1707093416
162,tame,6.461,-71.73,25.23,69,100,1.46,CO,1707093417
163,iquique,-20.2208,-70.1431,25.02,72,7,1.04,CL,1707093238
164,port saint john's,-31.6229,29.5448,23.15,88,100,1.19,ZA,1707092889
165,fale old settlement,-9.3852,-171.2468,29.64,76,100,10.58,TK,1707093419
166,keflavik,64.0049,-22.5624,-3.76,68,100,3.6,IS,1707093419
167,kununurra,-15.7667,128.7333,30.99,70,75,4.12,AU,1707093385
168,anahuac,27.2333,-100.15,20.91,16,0,6.81,MX,1707093421
169,burutu,5.3509,5.5076,26.11,83,100,1.9,NG,1707093422
170,druskininkai,54.0167,23.9667,3.18,80,99,5.81,LT,1707093422
171,andergrove,-21.0833,149.1833,33.14,55,80,2.89,AU,1707093423
172,kudat,6.8837,116.8477,26.96,94,20,1.54,MY,1707093424
173,gadzhiyevo,69.2551,33.3362,-12.94,89,17,5.58,RU,1707093425
174,zhosaly,45.4878,64.0781,-3.62,81,100,4.92,KZ,1707093425
175,papao,-17.75,-149.55,28.82,73,100,5.59,PF,1707093421
176,arraial do cabo,-22.9661,-42.0278,25.33,89,100,7.46,BR,1707093427
177,fort bragg,35.139,-79.006,9.34,54,0,1.54,US,1707093427
178,mili,6.0815,171.735,27.84,76,100,7.23,MH,1707093428
179,castillos,-34.1667,-53.8333,18.26,73,6,3.26,UY,1707093428
180,luanda,-8.8368,13.2343,27.0,83,0,0.0,AO,1707093429
181,badiyah,22.45,58.8,16.54,82,0,1.18,OM,1707093430
182,menongue,-14.6585,17.691,17.07,98,100,1.11,AO,1707093430
183,punta del este,-34.9667,-54.95,19.93,75,75,3.58,UY,1707093431
184,vernon,50.2581,-119.2691,2.56,87,100,2.06,CA,1707093385
185,elliot,-31.3333,27.85,14.58,83,28,3.33,ZA,1707093432
186,ardakan,32.31,54.0175,3.3,32,0,0.59,IR,1707093433
187,rongelap,11.1635,166.8941,26.34,73,100,8.33,MH,1707093434
188,caninde,-4.3589,-39.3117,24.72,71,0,0.36,BR,1707093434
189,three points,32.0767,-111.3137,19.23,18,0,0.0,US,1707093435
190,kismayo,-0.3582,42.5454,26.68,84,99,6.73,SO,1707093436
191,januaria,-15.4833,-44.3667,23.46,67,57,1.24,BR,1707093437
192,wailua homesteads,22.0669,-159.378,25.24,60,20,9.77,US,1707093383
193,jalai nur,49.45,117.7,-23.7,94,100,2.18,CN,1707092881
194,ulsteinvik,62.3432,5.8487,3.2,86,100,6.26,NO,1707093439
195,lompoc,34.6391,-120.4579,15.89,85,100,10.29,US,1707093439
196,porvoo,60.3923,25.6651,-0.06,87,100,3.77,FI,1707093440
197,ngetkib,7.3645,134.5148,28.14,78,75,4.12,PW,1707093441
198,vangaindrano,-23.35,47.6,23.04,91,100,2.44,MG,1707093441
199,thompson,55.7435,-97.8558,-5.91,93,100,3.09,CA,1707093442
200,tondi,9.7333,79.0167,23.02,85,100,4.91,IN,1707093443
201,utrik,11.2278,169.8474,26.01,74,76,7.62,MH,1707093443
202,brockville,44.5834,-75.6826,0.64,81,100,0.89,CA,1707093444
203,kitimat,54.0524,-128.6534,2.17,74,3,1.34,CA,1707093444
204,ambalangoda,6.2355,80.0538,24.91,87,75,1.37,LK,1707093445
205,rio gallegos,-51.6226,-69.2181,24.03,31,0,16.98,AR,1707093446
206,chonchi,-42.6128,-73.8092,18.56,79,1,1.61,CL,1707093446
207,heihe,50.2441,127.4902,-25.34,90,10,0.88,CN,1707093447
208,usinsk,65.9939,57.5281,-27.18,100,54,1.34,RU,1707093448
209,port mathurin,-19.6833,63.4167,25.81,69,16,5.32,MU,1707093448
210,port lincoln,-34.7333,135.8667,19.18,51,2,7.64,AU,1707093382
211,porto seguro,-16.4497,-39.0647,27.29,83,0,3.09,BR,1707093450
212,belyy yar,53.6039,91.3903,-15.06,100,100,0.0,RU,1707093450
213,howrah,22.5892,88.3103,18.0,88,20,1.54,IN,1707093451
214,dwarka,22.2394,68.9678,22.67,90,3,3.19,IN,1707093452
215,curuzu cuatia,-29.7917,-58.0546,29.23,53,96,4.12,AR,1707093452
216,isafjordur,66.0755,-23.124,-4.25,86,100,5.92,IS,1707093380
217,egilsstadir,65.2653,-14.3948,-10.05,79,0,1.03,IS,1707093453
218,lobujya,27.95,86.8167,-14.52,84,94,2.62,NP,1707093454
219,lamar,33.6668,-95.5836,11.47,94,100,4.63,US,1707093454
220,sao felix do xingu,-6.6447,-51.995,22.82,97,18,0.66,BR,1707093455
221,birobidzhan,48.8,132.95,-24.54,90,6,0.65,RU,1707093456
222,ponta delgada,37.7333,-25.6667,18.44,94,20,6.17,PT,1707093456
223,dzhangala,49.2167,50.3333,1.23,99,100,7.01,KZ,1707093457
224,buta,2.7858,24.73,21.67,50,44,0.84,CD,1707093457
225,wladyslawowo,54.7909,18.4009,5.75,89,100,13.02,PL,1707093458
226,taltal,-25.4,-70.4833,21.58,82,27,1.25,CL,1707093459
227,nadi,-17.8,177.4167,32.0,58,40,2.57,FJ,1707093459
228,tommot,58.9564,126.2925,-30.99,98,71,0.41,RU,1707093457
229,ust-nera,64.5667,143.2,-26.94,92,100,2.07,RU,1707093394
230,prince rupert,54.3161,-130.3201,4.83,70,0,12.35,CA,1707093461
231,tual,-5.6667,132.75,28.55,78,74,5.14,ID,1707093462
232,college,64.8569,-147.8028,-17.89,74,75,0.0,US,1707093166
233,margate,51.3813,1.3862,9.93,85,36,4.02,GB,1707093462
234,luderitz,-26.6481,15.1594,17.89,90,0,2.42,NA,1707093463
235,yorkton,51.2167,-102.4677,0.91,100,100,3.6,CA,1707093464
236,petropavlovsk-kamchatsky,53.0452,158.6483,-8.67,79,75,4.92,RU,1707093464
237,phalodi,27.1333,72.3667,13.78,63,0,3.37,IN,1707093465
238,abepura,-2.6333,140.5833,28.45,79,40,0.51,ID,1707093465
239,midar,34.9403,-3.5331,11.65,78,83,0.53,MA,1707093466
240,muborak,39.2553,65.1528,3.11,54,100,4.11,UZ,1707093467
241,tenosique,17.4833,-91.4333,24.29,89,0,2.14,MX,1707093405
242,novi petrivtsi,50.6224,30.4451,3.49,58,100,8.26,UA,1707093468
243,buenavista,8.9769,125.4089,26.96,70,12,2.66,PH,1707093469
244,xique xique,-10.8217,-42.7311,27.24,57,54,4.77,BR,1707093469
245,muli,2.9167,73.5667,27.85,75,95,6.7,MV,1707093470
246,viedma,-40.8135,-62.9967,20.16,51,36,8.25,AR,1707093471
247,el battan,36.8037,9.8442,10.82,68,0,2.46,TN,1707093471
248,williams lake,52.1415,-122.1445,-1.64,51,100,2.57,CA,1707093472
249,salinopolis,-0.6136,-47.3561,26.95,85,7,4.7,BR,1707093385
250,island harbour,50.724,-1.2758,11.2,89,81,2.68,GB,1707093473
251,santyoku,37.4406,129.1708,3.64,90,100,9.34,KR,1707093474
252,olonkinbyen,70.9221,-8.7187,-5.29,80,100,13.29,SJ,1707093474
253,miles city,46.4083,-105.8406,6.54,81,100,0.0,US,1707093475
254,tateyama,34.9833,139.8667,7.28,81,100,5.94,JP,1707093476
255,sanctuary point,-35.1114,150.629,27.4,62,100,2.08,AU,1707093476
256,karema,-6.8205,30.4389,21.16,88,100,2.07,TZ,1707093477
257,bel ombre,-4.6167,55.4167,26.91,83,20,1.54,SC,1707093477
258,aginskoye,51.1,114.53,-24.57,98,97,0.7,RU,1707093478
259,torrington,41.8007,-73.1212,2.3,65,0,4.47,US,1707093479
260,arkhangel'sk,64.5401,40.5433,-11.94,89,75,5.0,RU,1707093479
261,broken hill,-31.95,141.4333,24.61,72,100,4.8,AU,1707093480
262,saint-philippe,-21.3585,55.7679,21.77,70,70,2.67,RE,1707093380
263,axim,4.8699,-2.2405,26.45,85,72,2.1,GH,1707093481
264,atafu village,-8.5421,-172.5159,29.07,78,100,9.81,TK,1707093482
265,castlegar,49.2998,-117.6689,4.99,96,100,0.88,CA,1707093483
266,malango,-2.9627,119.9001,22.96,89,100,0.62,ID,1707093484
267,kyosai,34.8503,128.5886,6.98,88,100,12.51,KR,1707093484
268,eldorado,-23.7869,-54.2836,27.53,47,100,1.89,BR,1707093485
269,astara,38.5,48.6667,3.99,69,2,2.47,AZ,1707093485
270,altamira,-3.2033,-52.2064,23.21,94,52,1.28,BR,1707093239
271,naracoorte,-36.9579,140.7383,22.54,36,96,4.93,AU,1707093486
272,cangzhou,38.3167,116.8667,-1.57,68,50,3.22,CN,1707093487
273,nar'yan-mar,67.6713,53.087,-22.72,93,84,1.79,RU,1707093488
274,katsuren-haebaru,26.3369,127.8719,22.43,88,75,6.17,JP,1707093488
275,hirara,24.8,125.2833,20.15,100,75,11.32,JP,1707093489
276,bulata,9.8599,122.4016,26.91,70,86,4.99,PH,1707093490
277,mount gambier,-37.8333,140.7667,19.39,48,66,5.19,AU,1707093490
278,havre,49.5833,0.3333,9.55,93,100,7.2,FR,1707093491
279,kulhudhuffushi,6.6221,73.07,27.34,77,85,4.43,MV,1707093492
280,bubaque,11.2833,-15.8333,26.19,71,0,3.09,GW,1707093492
281,vilyuysk,63.7553,121.6247,-37.22,100,41,0.89,RU,1707093493
282,nishinoomote,30.7333,131.0,17.31,100,75,12.86,JP,1707093493
283,shimokizukuri,40.8061,140.3861,1.64,71,99,1.93,JP,1707093494
284,fuyang,32.9,115.8167,-6.96,96,99,2.09,CN,1707093302
285,cholpon-ata,42.6494,77.0823,-2.97,70,89,2.67,KG,1707093495
286,thinadhoo,0.5333,72.9333,28.08,76,23,6.83,MV,1707093496
287,laojunmiao,39.8333,97.7333,-8.61,51,0,1.01,CN,1707093496
288,sitka,57.0531,-135.33,4.94,87,100,2.06,US,1707093497
289,saipan,15.1355,145.701,29.39,54,40,9.77,MP,1707093498
290,koryazhma,61.3143,47.1691,-15.05,96,99,4.0,RU,1707093498
291,fort st. john,56.2499,-120.8529,-2.06,59,20,2.57,CA,1707093366
292,weno,7.4515,151.8468,28.97,84,100,6.17,FM,1707093499
293,daru,-9.0763,143.2092,29.41,75,63,2.61,PG,1707093500
294,peniche,39.3558,-9.3811,13.03,90,100,1.43,PT,1707093501
295,bermeo,43.4209,-2.7215,12.91,88,10,1.5,ES,1707093501
296,pecos,31.4229,-103.4932,18.46,15,0,5.33,US,1707093481
297,santa elena de uairen,4.6167,-61.1333,24.29,58,99,1.58,VE,1707093503
298,port blair,11.6667,92.75,22.02,94,8,0.51,IN,1707093504
299,coronel suarez,-37.4547,-61.9334,19.59,20,16,3.54,AR,1707093505
300,amga,60.8953,131.9608,-34.82,100,100,0.44,RU,1707093505
301,baberu,25.55,80.7167,14.2,95,59,2.13,IN,1707093506
302,haiku-pauwela,20.9219,-156.3051,23.47,69,40,11.83,US,1707093507
303,la ronge,55.1001,-105.2842,-6.86,73,100,1.54,CA,1707093507
304,vadso,70.0744,29.7487,-4.91,80,100,8.23,NO,1707093446
305,namibe,-15.1961,12.1522,25.81,79,100,3.28,AO,1707093508
306,bull savanna,17.8868,-77.5902,23.45,88,29,3.7,JM,1707093509
307,mukalla,14.5425,49.1242,22.81,76,30,1.39,YE,1707093488
308,paracuru,-3.41,-39.0306,28.95,76,9,5.63,BR,1707093372
309,acarau,-2.8856,-40.12,27.57,77,28,7.44,BR,1707093511
310,kilju,40.9642,129.3278,-4.48,72,100,1.92,KP,1707093511
311,al ghayzah,16.2079,52.176,22.16,65,1,0.96,YE,1707093512
312,bentiu,9.2333,29.8333,23.84,17,73,3.45,SS,1707093512
313,severo-yeniseyskiy,60.3725,93.0408,-14.68,97,100,1.79,RU,1707093410
314,mbaiki,3.8678,17.9892,22.93,34,97,1.5,CF,1707093513
315,palmer,42.1584,-72.3287,2.23,55,0,3.6,US,1707093404
316,tangalle,6.024,80.7911,24.09,89,82,4.64,LK,1707093515
317,dudinka,69.4058,86.1778,-16.88,95,100,6.13,RU,1707093279
318,lipovtsy,44.2014,131.7244,-14.87,78,17,2.22,RU,1707093516
319,hegang,47.4,130.3667,-15.7,78,4,1.64,CN,1707093517
320,gulfport,30.3674,-89.0928,17.0,79,20,3.6,US,1707093365
321,aripuana,-9.1667,-60.6333,22.08,99,100,0.19,BR,1707093518
322,gargalianoi,37.0667,21.6333,9.09,78,5,3.61,GR,1707093519
323,essaouira,31.5125,-9.77,13.72,38,40,1.54,MA,1707093520
324,north bend,43.4065,-124.2243,8.25,76,100,3.6,US,1707093520
325,hammerfest,70.6634,23.6821,-3.75,80,37,8.75,NO,1707093521
326,buka,40.8108,69.1986,2.09,63,100,1.36,UZ,1707093522
327,masuguru,-11.3667,38.4167,23.23,98,100,1.45,TZ,1707093522
328,maintirano,-18.0667,44.0167,25.99,85,38,2.03,MG,1707093523
329,orapa,-21.2833,25.3667,26.98,36,100,2.79,BW,1707093523
330,narimanov,46.6927,47.8498,4.97,82,100,8.9,RU,1707093524
331,giessen,50.5833,8.8192,10.28,93,100,4.92,DE,1707093525
332,talakan,50.3167,130.3667,-22.29,93,57,0.54,RU,1707093525
333,al burayqah,30.4062,19.5739,15.61,65,100,4.8,LY,1707093526
334,okhotsk,59.3833,143.3,-21.02,78,28,6.5,RU,1707093526
335,guerrero negro,27.9769,-114.0611,17.07,56,0,4.75,MX,1707093527
336,codrington,-38.2667,141.9667,19.17,57,15,5.59,AU,1707093528
337,yuzhno-kurilsk,44.0306,145.8556,-4.24,71,100,8.42,RU,1707093381
338,serhetabat,35.2799,62.3438,3.67,40,15,2.9,TM,1707093529
339,codajas,-3.8367,-62.0569,23.45,99,99,1.66,BR,1707093530
340,kapuskasing,49.4169,-82.4331,-1.95,86,0,1.54,CA,1707093531
341,jalqani,12.4486,34.2186,23.0,22,41,4.82,SD,1707093531
342,kikwit,-5.041,18.8162,22.45,94,100,0.37,CD,1707093532
343,fisterra,42.9049,-9.2629,10.01,77,100,1.29,ES,1707093532
344,gurlan,41.8447,60.3919,1.95,66,96,3.94,UZ,1707093533
345,port augusta,-32.5,137.7667,25.07,47,7,10.57,AU,1707093534
346,'ain el berd,35.3639,-0.5128,10.83,42,0,1.99,DZ,1707093534
347,pampa,35.5362,-100.9599,8.53,87,100,8.23,US,1707093535
348,kingston,17.997,-76.7936,27.53,83,75,2.57,JM,1707093535
349,katsuura,35.1333,140.3,8.0,80,100,6.24,JP,1707093514
350,nuuk,64.1835,-51.7216,-10.66,67,100,7.2,GL,1707093537
351,kota,25.1833,75.8333,17.3,89,77,0.93,IN,1707093537
352,gorontalo,0.5412,123.0595,29.59,64,100,1.49,ID,1707093538
353,newman,37.3138,-121.0208,15.13,83,100,8.94,US,1707093364
354,timimoun,29.2639,0.231,10.74,57,0,5.43,DZ,1707093539
355,qamdo,31.1667,97.2333,-6.26,42,100,3.2,CN,1707093539
356,heze,35.2431,115.4411,-4.63,89,72,2.25,CN,1707093540
357,zambezi,-13.5432,23.1047,18.19,95,97,0.97,ZM,1707093541
358,tazacorte,28.629,-17.9293,18.54,25,0,4.02,ES,1707093382
359,naze,28.3667,129.4833,18.51,81,100,8.1,JP,1707093543
360,qarqaraly,49.4058,75.4742,-10.67,92,100,3.61,KZ,1707093543
361,kholmsk,47.0511,142.0569,-7.08,72,100,6.58,RU,1707093544
362,ribadeo,43.5325,-7.0991,9.38,94,39,1.59,ES,1707093545
363,aswan,24.0934,32.907,11.61,30,0,2.57,EG,1707093545
364,ranchettes,41.2186,-104.7903,0.81,67,0,0.89,US,1707093546
365,tamiahua,21.2667,-97.45,20.91,85,0,3.36,MX,1707093546
366,lorengau,-2.0226,147.2712,29.83,72,100,1.3,PG,1707093547
367,bardai,11.65,7.2333,17.6,17,59,6.33,NG,1707093548
368,hadibu,12.65,54.0333,24.5,79,36,4.22,YE,1707093548
369,nalut,30.3333,10.85,8.53,69,0,3.38,LY,1707093549
370,kodinsk,58.6881,99.1844,-12.08,97,99,1.85,RU,1707093550
371,santana,-0.0583,-51.1817,28.1,83,0,4.12,BR,1707093550
372,pisco,-13.7,-76.2167,25.03,78,75,7.2,PE,1707093551
373,san pedro,14.35,121.0167,28.51,79,20,3.13,PH,1707093545
374,carutapera,-1.195,-46.02,26.26,87,46,3.35,BR,1707093553
375,afaahiti,-17.75,-149.2833,27.93,74,100,6.4,PF,1707093381
376,mananara,-16.1667,49.7667,23.62,94,49,1.85,MG,1707093554
377,hami,42.8,93.45,-6.31,66,9,2.03,CN,1707093554
378,bei'an,24.5399,109.533,6.13,80,100,2.94,CN,1707093555
379,ulladulla,-35.35,150.4667,24.32,72,100,0.77,AU,1707093556
380,malax,62.9423,21.5731,-6.03,86,0,1.03,FI,1707093556
381,taulaga,-11.0553,-171.0883,28.98,79,99,11.3,AS,1707093557
382,glubokoye,50.1456,82.3114,-13.63,92,98,1.58,KZ,1707093558
383,new norfolk,-42.7826,147.0587,20.72,43,2,4.76,AU,1707093374
384,celestun,20.8667,-90.4,22.81,83,1,4.3,MX,1707093559
385,selfoss,63.9331,-20.9971,-11.09,81,98,4.43,IS,1707093559
386,klaksvik,62.2266,-6.589,-0.49,53,100,4.54,FO,1707093560
387,san juan del sur,11.2529,-85.8705,26.0,77,55,4.61,NI,1707093561
388,uturoa,-16.7333,-151.4333,27.58,78,100,5.07,PF,1707093460
389,sumbe,-11.2061,13.8437,26.95,82,100,2.07,AO,1707093562
390,khandyga,62.6667,135.6,-38.96,98,61,0.58,RU,1707093563
391,ta`u,-14.2336,-169.5144,28.23,81,100,10.32,AS,1707093563
392,igarka,67.4667,86.5833,-15.08,95,100,5.48,RU,1707093564
393,whangarei,-35.7317,174.3239,26.6,38,0,1.52,NZ,1707093564
394,araguaina,-7.1911,-48.2072,24.42,85,39,1.37,BR,1707093565
395,nieuw amsterdam,5.8833,-55.0833,28.09,78,20,2.57,SR,1707093448
396,sen monorom,12.45,107.2,23.68,55,5,0.72,KH,1707093566
397,coahuayana de hidalgo,18.7,-103.6583,21.55,75,0,1.71,MX,1707093567
398,rio grande,-32.035,-52.0986,26.06,87,75,6.31,BR,1707093493
399,kolonia,50.9333,6.95,12.16,81,100,9.26,DE,1707093426
400,praia da vitoria,38.7333,-27.0667,17.14,94,75,6.79,PT,1707093569
401,oamaru,-45.0784,170.9801,27.43,58,75,4.26,NZ,1707093569
402,moranbah,-22.0016,148.0466,30.85,42,99,3.41,AU,1707093570
403,ola,59.5833,151.2833,-16.59,74,99,4.47,RU,1707093570
404,mountain home,43.133,-115.6912,6.9,46,20,9.77,US,1707093387
405,madison,34.7334,-86.5667,6.38,94,100,8.49,US,1707093571
406,kailua-kona,19.6406,-155.9956,26.27,63,75,4.63,US,1707093572
407,barcelos,41.5388,-8.6151,13.84,87,100,1.23,PT,1707093573
408,tolanaro,-25.0319,46.9987,24.04,88,75,9.26,MG,1707093573
409,shingu,33.7333,135.9833,7.5,96,100,4.41,JP,1707093574
410,labuan,5.2767,115.2417,27.2,88,20,1.54,MY,1707093574
411,urangan,-25.3,152.9,28.19,64,82,2.83,AU,1707093575
412,macau,22.2006,113.5461,17.89,94,40,4.63,MO,1707093575
413,awjilah,29.1081,21.2869,11.53,65,3,3.9,LY,1707093576
414,shihezi,44.3,86.0333,-14.03,91,99,1.33,CN,1707093554
415,troitsko-pechorsk,62.7084,56.1964,-21.84,92,17,2.68,RU,1707093577
416,thakhek,17.4103,104.8307,24.06,67,0,1.62,LA,1707093578
417,arvayheer,46.2639,102.775,-16.04,84,88,3.6,MN,1707093578
418,valle aurina - ahrntal,46.9962,11.9799,2.22,70,6,2.61,IT,1707093579
419,nguigmi,14.2495,13.1092,18.1,22,17,7.2,NE,1707093580
420,dalandzadgad,43.5708,104.425,-14.09,94,97,3.96,MN,1707093580
421,nagqu,31.5,92.0,-9.19,28,40,6.14,CN,1707093581
422,deschutes river woods,43.9915,-121.3584,0.66,88,100,2.57,US,1707093581
423,taikang,46.8333,124.4167,-17.8,81,100,1.66,CN,1707093582
424,nemuro,43.3236,145.575,-6.51,68,65,5.4,JP,1707093583
425,nova sintra,14.8667,-24.7167,21.27,69,0,5.64,CV,1707093583
426,port-vila,-17.7338,168.3219,30.78,79,75,1.03,VU,1707093584
427,akureyri,65.6835,-18.0878,-17.04,92,91,1.54,IS,1707093584
428,flin flon,54.7682,-101.865,-5.09,93,100,2.57,CA,1707093585
429,touros,-5.1989,-35.4608,27.25,75,5,6.14,BR,1707093412
430,malindi,-3.2175,40.1191,26.79,82,96,3.09,KE,1707093586
431,huangmei,30.1924,116.025,0.49,90,87,1.65,CN,1707093586
432,merizo village,13.2658,144.6691,28.32,77,20,10.34,GU,1707093587
433,bhag,29.0415,67.8239,14.07,39,5,3.18,PK,1707093588
434,sterling,39.0062,-77.4286,7.1,58,0,0.0,US,1707093588
435,bhimunipatnam,17.8833,83.4333,20.73,86,0,0.81,IN,1707093589
436,reggane,26.7158,0.1714,14.79,36,0,7.54,DZ,1707093589
437,barah,13.7,30.3667,16.39,19,0,5.32,SD,1707093590
438,east ballina,-28.8667,153.5833,30.44,58,68,4.91,AU,1707093591
439,villa la angostura,-40.7617,-71.6463,14.95,55,0,2.74,AR,1707093591
440,san patricio,28.017,-97.5169,21.97,55,0,4.04,US,1707093592
441,karaidel',55.8337,56.9069,-3.3,95,100,4.86,RU,1707093593
442,waat,51.1454,6.4958,11.62,89,100,5.14,DE,1707093593
443,hasaki,35.7333,140.8333,5.16,63,100,5.54,JP,1707093594
444,flekkefjord,58.2971,6.6607,4.97,79,98,7.88,NO,1707093594
445,zakynthos,37.7914,20.8953,8.69,73,5,2.58,GR,1707093595
446,punto fijo,11.6956,-70.1996,26.99,78,31,6.2,VE,1707093595
447,black point,-34.6187,137.8972,19.71,59,99,9.27,AU,1707093596
448,zhangjiakou,40.81,114.8794,-6.39,93,98,0.32,CN,1707093554
449,fortuna,40.5982,-124.1573,12.19,95,20,0.45,US,1707093597
450,torbat-e heydariyeh,35.274,59.2195,-0.03,68,7,1.04,IR,1707093598
451,amble,55.3333,-1.5833,11.42,82,75,13.89,GB,1707093598
452,kontcha,7.9667,12.2333,19.62,23,100,0.99,CM,1707093599
453,vuktyl,63.8567,57.3094,-26.05,99,99,1.79,RU,1707093599
454,hiratacho,35.4333,132.8167,5.01,93,75,12.35,JP,1707093600
455,lagoa,39.05,-27.9833,16.22,90,100,10.75,PT,1707093601
456,tavda,58.0425,65.2726,-22.39,100,100,1.34,RU,1707093602
457,nogliki,51.8333,143.1667,-19.81,89,4,3.58,RU,1707093603
458,sandakan,5.8402,118.1179,25.82,100,40,0.0,MY,1707093604
459,bay roberts,47.5999,-53.2648,1.7,96,100,7.15,CA,1707093605
460,bikenibeu village,1.3673,173.1241,30.98,79,75,4.63,KI,1707093606
461,inarajan village,13.2736,144.7484,28.55,77,26,10.54,GU,1707093607
462,rexburg,43.826,-111.7897,2.73,60,100,2.57,US,1707093607
463,nova milanese,45.5904,9.1995,11.85,85,0,0.51,IT,1707093608
464,lhokseumawe,5.1801,97.1507,26.3,79,100,1.06,ID,1707093609
465,sovetskaya gavan',48.9723,140.2878,-18.83,89,1,2.02,RU,1707093610
466,mil'kovo,55.6078,37.7956,-1.12,97,94,3.37,RU,1707093610
467,port antonio,18.18,-76.4612,27.95,81,12,2.27,JM,1707093611
468,baiti,13.745,-14.7482,26.41,12,0,4.11,SN,1707093611
469,maceio,-9.6658,-35.7353,26.69,94,40,1.54,BR,1707093612
470,mulanje,-16.0316,35.5,20.87,86,73,1.51,MW,1707093613
471,xinyuan,37.3,99.0,-19.18,59,5,2.14,CN,1707093614
472,puerto leguizamo,-0.1934,-74.7819,23.76,97,100,0.93,CO,1707093615
473,dakhla,23.6848,-15.958,20.3,37,81,5.76,EH,1707093616
474,harper,4.375,-7.7169,26.86,83,97,2.17,LR,1707093618
475,bhatapara,21.7333,81.9333,17.86,48,0,0.78,IN,1707093619
476,belaya kalitva,48.17,40.78,1.55,93,100,4.28,RU,1707093620
477,pombas,17.1503,-25.0201,21.88,62,0,3.15,CV,1707093621
478,kuytun,54.3419,101.5036,-23.4,99,76,2.16,RU,1707093622
479,jinghong,21.991,100.7341,15.15,60,0,0.61,CN,1707093622
480,sola,-13.8833,167.55,30.37,74,75,2.06,VU,1707093623
481,new plymouth,-39.0667,174.0833,21.1,64,0,5.14,NZ,1707093624
482,eyl,7.9803,49.8164,25.29,68,100,6.81,SO,1707093625
483,nikolayevsk-on-amure,53.1406,140.73,-17.71,85,12,2.2,RU,1707093626
484,san sebastian de la gomera,28.0916,-17.1133,22.2,14,0,2.57,ES,1707093627
485,nova vicosa,-17.8919,-39.3719,25.25,85,100,3.34,BR,1707093627
486,rapar,23.5667,70.6333,20.4,81,0,3.7,IN,1707093628
487,tayoltita,24.0833,-105.9333,15.05,40,0,0.92,MX,1707093629
488,istgah-e rah ahan-e garmsar,35.2346,52.3094,4.12,45,0,2.94,IR,1707093629
489,miyazu,35.5333,135.1833,0.11,98,100,2.46,JP,1707093630
490,inhambane,-23.865,35.3833,24.67,88,2,1.86,MZ,1707093631
491,sheffield,53.383,-1.4659,10.98,73,100,3.58,GB,1707093344
492,ilebo,-4.3167,20.5833,22.04,98,100,0.82,CD,1707093632
493,bratsk,56.1325,101.6142,-16.73,97,90,2.96,RU,1707093633
494,shalkar,47.8288,59.6258,0.88,99,100,6.48,KZ,1707093634
495,nikolayevka,53.1257,47.2041,-1.45,91,80,6.07,RU,1707093635
496,taoudenni,22.6783,-3.9836,15.88,25,46,5.89,ML,1707093635
497,brokopondo,4.75,-55.1667,27.32,76,99,3.84,SR,1707093636
498,luau,-10.7073,22.2247,18.79,99,100,1.59,AO,1707093637
499,khao wong,16.7001,104.0902,26.84,58,12,1.04,TH,1707093638
500,figuig (centre),32.1089,-1.2286,6.55,60,3,1.07,MA,1707093638
501,ypsonas,34.6884,32.9574,15.47,71,100,2.57,CY,1707093639
502,geraldton,-28.7667,114.6,23.23,40,5,4.63,AU,1707093640
503,bairnsdale,-37.8333,147.6167,23.92,69,100,1.34,AU,1707093641
504,tamanrasset,22.785,5.5228,8.54,22,0,8.59,DZ,1707093642
505,vila franca do campo,37.7167,-25.4333,18.27,99,72,3.93,PT,1707093642
506,anna regina,7.2644,-58.5077,25.95,88,14,3.62,GY,1707093643
507,mawlamyinegyunn,16.3833,95.2667,19.08,64,5,2.88,MM,1707093644
508,karacabey,40.2152,28.4038,6.21,76,79,2.16,TR,1707093645
509,uthal,25.8072,66.6219,19.23,82,0,1.63,PK,1707093646
510,northwest harborcreek,42.1494,-79.9946,1.06,91,0,0.0,US,1707093647
511,vila velha,-20.3297,-40.2925,26.08,86,0,0.89,BR,1707093647
512,ihosy,-22.4,46.1167,19.17,96,100,2.59,MG,1707093648
513,turriff,57.5384,-2.4593,6.29,95,100,2.44,GB,1707093649
514,scarborough,54.2797,-0.4044,10.92,80,100,6.26,GB,1707093147
515,pariaman,-0.619,100.12,25.03,76,94,1.31,ID,1707093650
516,talcahuano,-36.7167,-73.1167,15.82,88,75,5.14,CL,1707093651
517,montepuez,-13.1256,38.9997,21.36,99,100,1.36,MZ,1707093652
518,archangelos,36.2149,28.1149,12.99,71,0,5.26,GR,1707093653
519,sur,22.5667,59.5289,20.47,66,0,1.56,OM,1707093654
520,kabalo,-6.05,26.9167,21.44,96,100,0.79,CD,1707093654
521,moyale,3.5167,39.0584,23.17,44,46,4.73,KE,1707093655
522,balakhta,55.38,91.6,-7.83,89,100,2.44,RU,1707093655
523,aykhal,66.0,111.5,-26.86,99,100,3.32,RU,1707093656
524,nata,8.3333,-80.5167,25.99,84,100,1.3,PA,1707093657
525,loango,-4.6719,11.8312,26.15,86,100,0.86,CG,1707093657
526,nuku'alofa,-21.1333,-175.2,30.19,79,20,7.2,TO,1707093414
527,coxim,-18.5067,-54.76,25.79,55,100,2.02,BR,1707093658
528,guozhen,34.3659,107.359,-2.18,88,98,0.66,CN,1707093659
529,malanje,-9.5402,16.341,17.29,93,99,0.67,AO,1707093660
530,ad dabbah,18.05,30.95,14.12,26,100,4.64,SD,1707093661
531,vorkuta,67.5,64.0,-17.16,96,100,1.03,RU,1707093661
532,wynyard,-41.0,145.7167,21.02,41,69,5.47,AU,1707093662
533,santa rosalia,27.3167,-112.2833,15.37,61,0,0.15,MX,1707093663
534,richards bay,-28.783,32.0377,22.86,93,100,2.64,ZA,1707093664
535,pierre,44.3683,-100.351,1.59,96,100,1.54,US,1707093545
536,colonia,50.9333,6.95,12.16,81,100,9.26,DE,1707093429
537,kabinda,-6.1333,24.4833,19.14,98,100,1.26,CD,1707093666
538,panaba,21.2833,-88.2667,20.61,91,19,3.71,MX,1707093666
539,santa terezinha,-29.9002,-50.0904,22.93,91,100,2.51,BR,1707093667
540,cooper's town,26.8667,-77.5167,21.15,76,93,4.36,BS,1707093668
541,smithers,54.7804,-127.1743,-3.82,63,0,1.03,CA,1707093619
542,cockburn town,21.4612,-71.1419,25.38,76,2,5.94,TC,1707093505
543,usogorsk,63.4106,48.6872,-19.07,97,100,3.73,RU,1707093670
544,dryden,49.7833,-92.7503,1.16,100,100,1.03,CA,1707093551
545,kayangel,8.0823,134.7173,27.76,79,100,8.09,PW,1707093671
546,conception bay south,47.4999,-52.9981,1.36,97,100,10.34,CA,1707093480
547,cide,41.8921,33.0044,8.08,88,100,5.43,TR,1707093672
548,nabire,-3.3667,135.4833,29.62,71,80,0.78,ID,1707093673
549,zapala,-38.8992,-70.0544,23.1,19,0,3.53,AR,1707093636
550,race,46.4519,15.6814,7.58,86,45,1.54,SI,1707093675
551,vilhena,-12.7406,-60.1458,20.23,98,98,1.29,BR,1707093676
552,myrina,39.8797,25.0742,9.58,76,20,0.0,GR,1707093677
553,kunwi,36.2347,128.5728,6.61,97,100,4.68,KR,1707093678
554,santiago de cao,-7.9589,-79.2392,25.07,73,75,4.12,PE,1707093679
555,changsha,28.2,112.9667,0.09,92,100,2.47,CN,1707093680
556,teknaf,20.8624,92.3058,17.08,71,2,3.26,BD,1707093681
557,borogontsy,62.6683,131.1683,-37.32,100,80,1.24,RU,1707093682
558,destin,30.3935,-86.4958,12.03,84,0,1.54,US,1707093472
559,nchelenge,-9.3451,28.734,21.58,84,100,0.74,ZM,1707093684
560,sirte,31.2089,16.5887,14.92,75,8,4.64,LY,1707093685
561,opuwo,-18.0607,13.84,20.62,84,100,2.43,NA,1707093686
562,farragut,35.8845,-84.1535,12.32,42,0,6.17,US,1707093686
563,jaisalmer,26.9147,70.9181,14.97,59,4,3.03,IN,1707093687
564,sungailiat,-1.85,106.1333,27.65,76,100,3.52,ID,1707093688
565,kruisfontein,-34.0033,24.7314,19.66,83,0,2.15,ZA,1707093689
566,araxa,-19.5933,-46.9406,21.98,68,0,3.09,BR,1707093689
567,laguna,38.421,-121.4238,16.99,67,0,19.03,US,1707093691
